eventID, eventTime, processingTime, sensorID, sensorValue, sensorWarning
1,1617203000004,1617203000129,1,4.0,false,
5,1617203000351,1617203000425,1,5.46,false,
9,1617203000698,1617203001686,1,6.77,false,
13,1617203001045,1617203001217,1,5.4,false,
17,1617203001392,1617203001476,1,6.88,false,
21,1617203001739,1617203002492,1,5.43,false,
25,1617203002086,1617203002201,1,4.1,false,
29,1617203002433,1617203002776,1,5.87,false,
33,1617203002780,1617203004853,1,6.9,false,
37,1617203003127,1617203004496,1,5.84,false,
41,1617203003474,1617203004689,1,7.21,false,
45,1617203003821,1617203004058,1,8.57,false,
49,1617203004168,1617203004226,1,10.15,false,
53,1617203004515,1617203004621,1,11.2,false,
57,1617203004862,1617203005124,1,12.57,false,
61,1617203005209,1617203005281,1,14.14,true,
65,1617203005556,1617203005722,1,13.15,false,
69,1617203005903,1617203006185,1,14.61,true,
73,1617203006250,1617203006400,1,16.34,true,
77,1617203006597,1617203006772,1,15.3,true,
81,1617203006944,1617203008242,1,13.64,false,
85,1617203007291,1617203008360,1,15.01,true,
89,1617203007638,1617203007807,1,14.02,true,
93,1617203007985,1617203008039,1,12.71,false,
97,1617203008332,1617203009467,1,10.96,false,
101,1617203008679,1617203009680,1,12.23,false,
105,1617203009026,1617203009352,1,10.49,false,
109,1617203009373,1617203010908,1,11.8,false,
113,1617203009720,1617203010787,1,10.78,false,
117,1617203010067,1617203011132,1,9.0,false,
121,1617203010414,1617203010651,1,10.76,false,
125,1617203010761,1617203010927,1,9.11,false,
129,1617203011108,1617203011265,1,10.01,false,
133,1617203011455,1617203013317,1,11.35,false,
137,1617203011802,1617203013902,1,13.18,false,
141,1617203012149,1617203013536,1,14.97,true,
145,1617203012496,1617203013865,1,13.18,false,
149,1617203012843,1617203012964,1,14.26,true,
153,1617203013190,1617203013332,1,15.81,true,
157,1617203013537,1617203013860,1,14.26,true,
161,1617203013884,1617203015627,1,12.79,false,
165,1617203014231,1617203015611,1,13.96,true,
169,1617203014578,1617203014901,1,12.95,false,
173,1617203014925,1617203015528,1,14.78,true,
177,1617203015272,1617203015446,1,13.02,false,
181,1617203015619,1617203015739,1,14.64,true,
185,1617203015966,1617203016580,1,13.08,false,
189,1617203016313,1617203016447,1,11.84,false,
193,1617203016660,1617203016830,1,13.56,false,
197,1617203017007,1617203017191,1,11.97,false,
201,1617203017354,1617203018548,1,13.2,false,
205,1617203017701,1617203017988,1,14.9,true,
209,1617203018048,1617203018137,1,16.17,true,
213,1617203018395,1617203019970,1,15.18,true,
217,1617203018742,1617203019382,1,13.37,false,
221,1617203019089,1617203019267,1,14.93,true,
225,1617203019436,1617203019764,1,13.93,true,
229,1617203019783,1617203019893,1,12.3,false,
233,1617203020130,1617203020305,1,10.64,false,
237,1617203020477,1617203020753,1,12.06,false,
241,1617203020824,1617203023042,1,13.68,false,
245,1617203021171,1617203022424,1,15.49,true,
249,1617203021518,1617203022922,1,13.6,false,
253,1617203021865,1617203022105,1,15.23,true,
257,1617203022212,1617203023390,1,13.88,true,
261,1617203022559,1617203023880,1,12.17,false,
265,1617203022906,1617203023113,1,14.05,true,
269,1617203023253,1617203023334,1,12.75,false,
273,1617203023600,1617203023671,1,14.12,true,
277,1617203023947,1617203024092,1,12.66,false,
281,1617203024294,1617203025977,1,10.93,false,
285,1617203024641,1617203025985,1,12.51,false,
289,1617203024988,1617203025071,1,11.57,false,
293,1617203025335,1617203025466,1,13.01,false,
297,1617203025682,1617203025898,1,14.48,true,
2,1617203000004,1617203000322,2,4.0,false,
301,1617203026029,1617203027361,1,15.38,true,
305,1617203026376,1617203026508,1,13.8,true,
6,1617203000351,1617203000578,2,5.13,false,
309,1617203026723,1617203026828,1,12.57,false,
10,1617203000698,1617203000813,2,6.49,false,
313,1617203027070,1617203027915,1,13.81,true,
14,1617203001045,1617203001175,2,8.13,false,
317,1617203027417,1617203027592,1,12.6,false,
18,1617203001392,1617203001499,2,9.14,false,
22,1617203001739,1617203001897,2,10.53,false,
26,1617203002086,1617203002317,2,12.01,false,
321,1617203027764,1617203029430,1,11.28,false,
325,1617203028111,1617203030006,1,9.74,false,
329,1617203028458,1617203029821,1,7.9,false,
30,1617203002433,1617203002662,2,13.78,false,
333,1617203028805,1617203029038,1,6.08,false,
34,1617203002780,1617203003051,2,12.44,false,
337,1617203029152,1617203029277,1,4.38,false,
38,1617203003127,1617203003446,2,10.62,false,
42,1617203003474,1617203003747,2,11.83,false,
341,1617203029499,1617203030550,1,2.62,false,
345,1617203029846,1617203031052,1,3.92,false,
46,1617203003821,1617203003990,2,13.02,false,
349,1617203030193,1617203030482,1,5.56,false,
353,1617203030540,1617203030723,1,6.81,false,
50,1617203004168,1617203004415,2,14.59,true,
357,1617203030887,1617203031009,1,7.95,false,
54,1617203004515,1617203004760,2,15.77,true,
58,1617203004862,1617203005091,2,14.57,true,
361,1617203031234,1617203032909,1,6.52,false,
365,1617203031581,1617203033082,1,7.98,false,
62,1617203005209,1617203005407,2,13.29,false,
369,1617203031928,1617203032184,1,9.28,false,
66,1617203005556,1617203005751,2,15.17,true,
70,1617203005903,1617203006056,2,13.38,false,
373,1617203032275,1617203034084,1,8.07,false,
377,1617203032622,1617203033708,1,8.98,false,
381,1617203032969,1617203034238,1,7.69,false,
74,1617203006250,1617203007201,2,14.91,true,
385,1617203033316,1617203033648,1,6.58,false,
78,1617203006597,1617203006856,2,16.47,true,
389,1617203033663,1617203034605,1,8.07,false,
82,1617203006944,1617203007160,2,15.09,true,
393,1617203034010,1617203034306,1,7.04,false,
86,1617203007291,1617203007635,2,13.47,false,
397,1617203034357,1617203035574,1,8.55,false,
90,1617203007638,1617203007768,2,11.91,false,
401,1617203034704,1617203034994,1,7.44,false,
405,1617203035051,1617203035125,1,8.56,false,
94,1617203007985,1617203009557,2,13.15,false,
98,1617203008332,1617203008650,2,14.79,true,
102,1617203008679,1617203008836,2,13.18,false,
106,1617203009026,1617203009125,2,14.97,true,
110,1617203009373,1617203009451,2,13.6,false,
114,1617203009720,1617203009856,2,14.71,true,
118,1617203010067,1617203010336,2,13.63,false,
122,1617203010414,1617203011113,2,15.41,true,
126,1617203010761,1617203010969,2,13.57,false,
130,1617203011108,1617203011345,2,12.31,false,
409,1617203035398,1617203036567,1,9.64,false,
413,1617203035745,1617203036645,1,10.76,false,
134,1617203011455,1617203012389,2,10.7,false,
417,1617203036092,1617203036229,1,8.88,false,
138,1617203011802,1617203011989,2,9.58,false,
421,1617203036439,1617203036674,1,10.08,false,
142,1617203012149,1617203012493,2,10.54,false,
425,1617203036786,1617203038146,1,11.43,false,
146,1617203012496,1617203012709,2,8.68,false,
429,1617203037133,1617203037414,1,12.76,false,
150,1617203012843,1617203012918,2,7.3,false,
433,1617203037480,1617203038202,1,11.37,false,
154,1617203013190,1617203013316,2,5.42,false,
437,1617203037827,1617203037926,1,12.29,false,
158,1617203013537,1617203013848,2,6.35,false,
441,1617203038174,1617203038903,1,10.39,false,
445,1617203038521,1617203038840,1,9.1,false,
162,1617203013884,1617203015177,2,7.52,false,
449,1617203038868,1617203039152,1,7.45,false,
166,1617203014231,1617203014546,2,6.08,false,
453,1617203039215,1617203039485,1,9.28,false,
170,1617203014578,1617203015823,2,7.73,false,
457,1617203039562,1617203039893,1,10.98,false,
174,1617203014925,1617203015038,2,9.05,false,
178,1617203015272,1617203015617,2,10.72,false,
461,1617203039909,1617203041016,1,12.81,false,
465,1617203040256,1617203040556,1,14.1,true,
182,1617203015619,1617203015899,2,12.34,false,
469,1617203040603,1617203041585,1,13.18,false,
186,1617203015966,1617203016185,2,10.51,false,
473,1617203040950,1617203041285,1,14.86,true,
190,1617203016313,1617203016637,2,11.54,false,
477,1617203041297,1617203041470,1,15.79,true,
481,1617203041644,1617203041972,1,14.5,true,
485,1617203041991,1617203042143,1,12.74,false,
489,1617203042338,1617203042597,1,14.44,true,
493,1617203042685,1617203044012,1,15.94,true,
497,1617203043032,1617203043138,1,14.21,true,
501,1617203043379,1617203044714,1,12.47,false,
505,1617203043726,1617203044292,1,14.22,true,
509,1617203044073,1617203044177,1,15.42,true,
513,1617203044420,1617203044550,1,14.44,true,
517,1617203044767,1617203044899,1,12.57,false,
521,1617203045114,1617203045248,1,13.47,false,
525,1617203045461,1617203046020,1,14.59,true,
529,1617203045808,1617203045879,1,16.17,true,
194,1617203016660,1617203018151,2,12.81,false,
198,1617203017007,1617203017226,2,11.56,false,
533,1617203046155,1617203047553,1,14.99,true,
537,1617203046502,1617203046840,1,13.21,false,
541,1617203046849,1617203046988,1,14.75,true,
545,1617203047196,1617203048430,1,15.78,true,
549,1617203047543,1617203047782,1,13.98,true,
553,1617203047890,1617203048777,1,12.15,false,
3,1617203000004,1617203000300,3,4.0,false,
557,1617203048237,1617203048548,1,10.48,false,
7,1617203000351,1617203000454,3,5.58,false,
11,1617203000698,1617203000778,3,4.28,false,
561,1617203048584,1617203049864,1,11.73,false,
15,1617203001045,1617203001336,3,5.89,false,
565,1617203048931,1617203050349,1,12.82,false,
569,1617203049278,1617203049454,1,11.2,false,
19,1617203001392,1617203001671,3,7.31,false,
23,1617203001739,1617203001977,3,6.15,false,
27,1617203002086,1617203002225,3,7.86,false,
31,1617203002433,1617203002619,3,9.55,false,
573,1617203049625,1617203051700,1,12.91,false,
577,1617203049972,1617203050865,1,11.45,false,
581,1617203050319,1617203050998,1,13.32,false,
35,1617203002780,1617203002925,3,8.57,false,
585,1617203050666,1617203050737,1,14.47,true,
39,1617203003127,1617203003345,3,9.69,false,
43,1617203003474,1617203003695,3,8.45,false,
589,1617203051013,1617203051196,1,15.74,true,
47,1617203003821,1617203004102,3,10.02,false,
593,1617203051360,1617203052848,1,14.56,true,
597,1617203051707,1617203052621,1,13.27,false,
51,1617203004168,1617203004255,3,8.51,false,
601,1617203052054,1617203052308,1,11.85,false,
55,1617203004515,1617203004749,3,9.42,false,
605,1617203052401,1617203052574,1,10.2,false,
59,1617203004862,1617203004969,3,11.26,false,
63,1617203005209,1617203005493,3,9.36,false,
67,1617203005556,1617203005618,3,11.23,false,
71,1617203005903,1617203005991,3,9.83,false,
609,1617203052748,1617203054618,1,8.46,false,
613,1617203053095,1617203054420,1,9.47,false,
617,1617203053442,1617203054743,1,10.98,false,
621,1617203053789,1617203054684,1,9.47,false,
75,1617203006250,1617203006503,3,8.29,false,
625,1617203054136,1617203054337,1,10.73,false,
79,1617203006597,1617203006806,3,7.26,false,
83,1617203006944,1617203007256,3,8.46,false,
629,1617203054483,1617203054538,1,12.26,false,
87,1617203007291,1617203007489,3,7.16,false,
91,1617203007638,1617203007722,3,8.7,false,
95,1617203007985,1617203008287,3,6.85,false,
99,1617203008332,1617203008421,3,8.31,false,
103,1617203008679,1617203008873,3,6.84,false,
633,1617203054830,1617203057234,1,11.32,false,
637,1617203055177,1617203056787,1,12.77,false,
641,1617203055524,1617203057066,1,13.83,true,
645,1617203055871,1617203057227,1,12.89,false,
649,1617203056218,1617203056491,1,13.96,true,
107,1617203009026,1617203009088,3,8.64,false,
111,1617203009373,1617203009544,3,7.25,false,
653,1617203056565,1617203056655,1,15.36,true,
115,1617203009720,1617203009867,3,8.79,false,
119,1617203010067,1617203010357,3,10.03,false,
123,1617203010414,1617203010521,3,11.65,false,
127,1617203010761,1617203011030,3,13.31,false,
131,1617203011108,1617203011237,3,11.92,false,
135,1617203011455,1617203011605,3,12.9,false,
657,1617203056912,1617203059747,1,13.51,false,
661,1617203057259,1617203059719,1,15.32,true,
665,1617203057606,1617203059995,1,14.25,true,
669,1617203057953,1617203059645,1,12.63,false,
673,1617203058300,1617203059432,1,10.93,false,
677,1617203058647,1617203059877,1,9.07,false,
139,1617203011802,1617203011860,3,11.94,false,
681,1617203058994,1617203059340,1,10.17,false,
143,1617203012149,1617203012293,3,12.84,false,
147,1617203012496,1617203012790,3,10.99,false,
151,1617203012843,1617203013136,3,9.23,false,
155,1617203013190,1617203013369,3,10.17,false,
159,1617203013537,1617203013722,3,11.38,false,
163,1617203013884,1617203014010,3,13.24,false,
685,1617203059341,1617203061890,1,9.09,false,
689,1617203059688,1617203062102,1,10.69,false,
693,1617203060035,1617203061744,1,11.71,false,
697,1617203060382,1617203061590,1,12.7,false,
701,1617203060729,1617203061842,1,13.6,false,
167,1617203014231,1617203014406,3,14.89,true,
705,1617203061076,1617203061308,1,15.39,true,
171,1617203014578,1617203014809,3,13.81,true,
175,1617203014925,1617203015255,3,12.0,false,
709,1617203061423,1617203061537,1,14.22,true,
179,1617203015272,1617203015456,3,10.45,false,
183,1617203015619,1617203015905,3,11.64,false,
713,1617203061770,1617203062667,1,12.42,false,
717,1617203062117,1617203063330,1,10.68,false,
187,1617203015966,1617203016159,3,10.44,false,
721,1617203062464,1617203062594,1,8.79,false,
191,1617203016313,1617203016624,3,11.44,false,
725,1617203062811,1617203063910,1,10.34,false,
729,1617203063158,1617203063482,1,8.88,false,
733,1617203063505,1617203064961,1,7.03,false,
737,1617203063852,1617203065328,1,8.0,false,
741,1617203064199,1617203064467,1,9.51,false,
745,1617203064546,1617203064817,1,10.52,false,
749,1617203064893,1617203066301,1,11.59,false,
753,1617203065240,1617203065467,1,10.65,false,
757,1617203065587,1617203066402,1,9.44,false,
761,1617203065934,1617203066018,1,8.02,false,
765,1617203066281,1617203067650,1,9.9,false,
769,1617203066628,1617203068048,1,11.28,false,
773,1617203066975,1617203068075,1,13.0,false,
777,1617203067322,1617203067543,1,13.9,true,
781,1617203067669,1617203068449,1,15.52,true,
785,1617203068016,1617203068176,1,14.22,true,
789,1617203068363,1617203069939,1,12.83,false,
793,1617203068710,1617203069748,1,11.04,false,
797,1617203069057,1617203069209,1,12.08,false,
801,1617203069404,1617203069626,1,13.56,false,
805,1617203069751,1617203070038,1,12.38,false,
809,1617203070098,1617203070276,1,11.01,false,
202,1617203017354,1617203018693,2,13.27,false,
206,1617203017701,1617203017753,2,14.69,true,
813,1617203070445,1617203070582,1,12.8,false,
210,1617203018048,1617203018113,2,13.18,false,
214,1617203018395,1617203018563,2,14.83,true,
817,1617203070792,1617203072524,1,11.25,false,
821,1617203071139,1617203072332,1,13.07,false,
825,1617203071486,1617203071682,1,12.16,false,
218,1617203018742,1617203019031,2,15.94,true,
222,1617203019089,1617203019413,2,14.64,true,
829,1617203071833,1617203073256,1,13.94,true,
226,1617203019436,1617203019555,2,13.03,false,
833,1617203072180,1617203072317,1,15.68,true,
230,1617203019783,1617203020090,2,11.8,false,
837,1617203072527,1617203072730,1,14.48,true,
234,1617203020130,1617203020392,2,10.1,false,
238,1617203020477,1617203023513,2,11.5,false,
242,1617203020824,1617203023462,2,10.32,false,
246,1617203021171,1617203023459,2,11.49,false,
250,1617203021518,1617203023131,2,12.97,false,
254,1617203021865,1617203023164,2,11.48,false,
258,1617203022212,1617203022549,2,13.05,false,
262,1617203022559,1617203022754,2,11.77,false,
266,1617203022906,1617203023232,2,12.97,false,
270,1617203023253,1617203023323,2,14.27,true,
274,1617203023600,1617203024279,2,12.66,false,
278,1617203023947,1617203024162,2,11.75,false,
282,1617203024294,1617203025572,2,12.74,false,
286,1617203024641,1617203024846,2,14.08,true,
290,1617203024988,1617203025296,2,12.69,false,
294,1617203025335,1617203025396,2,14.4,true,
298,1617203025682,1617203026537,2,16.03,true,
302,1617203026029,1617203026248,2,14.42,true,
306,1617203026376,1617203027091,2,12.71,false,
310,1617203026723,1617203026895,2,14.37,true,
314,1617203027070,1617203027906,2,13.26,false,
318,1617203027417,1617203027610,2,15.11,true,
322,1617203027764,1617203028047,2,13.66,false,
326,1617203028111,1617203028384,2,12.16,false,
330,1617203028458,1617203028584,2,13.27,false,
334,1617203028805,1617203029063,2,14.35,true,
338,1617203029152,1617203029258,2,16.04,true,
342,1617203029499,1617203029816,2,14.57,true,
346,1617203029846,1617203030015,2,13.35,false,
350,1617203030193,1617203030359,2,14.99,true,
354,1617203030540,1617203030702,2,16.05,true,
358,1617203030887,1617203031068,2,14.42,true,
362,1617203031234,1617203032329,2,13.2,false,
366,1617203031581,1617203031696,2,14.95,true,
370,1617203031928,1617203032879,2,16.14,true,
374,1617203032275,1617203032586,2,14.45,true,
378,1617203032622,1617203032895,2,13.17,false,
382,1617203032969,1617203033104,2,15.02,true,
386,1617203033316,1617203033369,2,13.57,false,
390,1617203033663,1617203033825,2,14.57,true,
394,1617203034010,1617203034306,2,12.84,false,
398,1617203034357,1617203034692,2,14.16,true,
402,1617203034704,1617203034965,2,12.4,false,
406,1617203035051,1617203035178,2,13.5,false,
410,1617203035398,1617203036905,2,11.66,false,
414,1617203035745,1617203036642,2,12.68,false,
418,1617203036092,1617203036291,2,11.34,false,
422,1617203036439,1617203036492,2,12.9,false,
426,1617203036786,1617203037876,2,11.54,false,
430,1617203037133,1617203037309,2,10.34,false,
434,1617203037480,1617203038886,2,11.97,false,
438,1617203037827,1617203038121,2,10.56,false,
442,1617203038174,1617203039801,2,8.76,false,
446,1617203038521,1617203039424,2,9.97,false,
450,1617203038868,1617203038983,2,11.78,false,
454,1617203039215,1617203039546,2,10.69,false,
458,1617203039562,1617203039727,2,12.4,false,
462,1617203039909,1617203040195,2,10.69,false,
466,1617203040256,1617203040507,2,9.39,false,
470,1617203040603,1617203040853,2,10.37,false,
474,1617203040950,1617203041031,2,11.3,false,
478,1617203041297,1617203041383,2,9.88,false,
482,1617203041644,1617203041787,2,10.79,false,
486,1617203041991,1617203042083,2,9.86,false,
490,1617203042338,1617203042612,2,11.3,false,
494,1617203042685,1617203042824,2,9.69,false,
498,1617203043032,1617203043757,2,7.79,false,
502,1617203043379,1617203043577,2,6.77,false,
506,1617203043726,1617203044010,2,8.39,false,
510,1617203044073,1617203045154,2,7.29,false,
514,1617203044420,1617203044550,2,8.22,false,
518,1617203044767,1617203044939,2,9.33,false,
522,1617203045114,1617203045316,2,7.58,false,
526,1617203045461,1617203045518,2,9.38,false,
530,1617203045808,1617203045927,2,10.64,false,
534,1617203046155,1617203046289,2,8.92,false,
538,1617203046502,1617203047954,2,7.73,false,
542,1617203046849,1617203047014,2,8.81,false,
546,1617203047196,1617203047370,2,10.44,false,
550,1617203047543,1617203048681,2,11.86,false,
554,1617203047890,1617203048055,2,12.91,false,
558,1617203048237,1617203048436,2,14.8,true,
562,1617203048584,1617203048876,2,16.66,true,
566,1617203048931,1617203049267,2,15.71,true,
570,1617203049278,1617203050599,2,14.49,true,
574,1617203049625,1617203049789,2,12.78,false,
578,1617203049972,1617203050207,2,14.58,true,
582,1617203050319,1617203050407,2,16.33,true,
586,1617203050666,1617203050913,2,15.33,true,
590,1617203051013,1617203051177,2,13.64,false,
594,1617203051360,1617203052762,2,15.2,true,
598,1617203051707,1617203051883,2,14.25,true,
602,1617203052054,1617203052306,2,12.77,false,
606,1617203052401,1617203052467,2,13.86,true,
610,1617203052748,1617203052866,2,15.72,true,
614,1617203053095,1617203053176,2,14.68,true,
618,1617203053442,1617203053740,2,13.11,false,
622,1617203053789,1617203053908,2,14.15,true,
626,1617203054136,1617203054397,2,12.76,false,
630,1617203054483,1617203055337,2,14.18,true,
634,1617203054830,1617203054938,2,15.62,true,
638,1617203055177,1617203055388,2,14.2,true,
642,1617203055524,1617203055603,2,12.39,false,
646,1617203055871,1617203056186,2,11.47,false,
650,1617203056218,1617203056327,2,9.82,false,
654,1617203056565,1617203056775,2,11.15,false,
658,1617203056912,1617203057031,2,12.69,false,
662,1617203057259,1617203057311,2,10.84,false,
666,1617203057606,1617203057697,2,12.38,false,
670,1617203057953,1617203058288,2,14.26,true,
674,1617203058300,1617203059275,2,15.67,true,
678,1617203058647,1617203058972,2,14.36,true,
682,1617203058994,1617203059105,2,13.17,false,
686,1617203059341,1617203059394,2,14.15,true,
690,1617203059688,1617203061510,2,15.87,true,
694,1617203060035,1617203060871,2,14.9,true,
698,1617203060382,1617203060604,2,13.78,false,
702,1617203060729,1617203060834,2,12.62,false,
706,1617203061076,1617203061181,2,14.03,true,
710,1617203061423,1617203061755,2,13.01,false,
714,1617203061770,1617203061944,2,11.54,false,
718,1617203062117,1617203062201,2,10.27,false,
722,1617203062464,1617203062693,2,11.84,false,
726,1617203062811,1617203063110,2,13.49,false,
730,1617203063158,1617203063290,2,14.78,true,
734,1617203063505,1617203063841,2,16.52,true,
738,1617203063852,1617203065168,2,15.44,true,
742,1617203064199,1617203064438,2,13.71,false,
746,1617203064546,1617203064751,2,15.32,true,
750,1617203064893,1617203065194,2,13.57,false,
754,1617203065240,1617203066747,2,15.05,true,
758,1617203065587,1617203066423,2,14.12,true,
762,1617203065934,1617203066060,2,12.62,false,
766,1617203066281,1617203067494,2,14.44,true,
770,1617203066628,1617203066858,2,15.57,true,
774,1617203066975,1617203067040,2,14.0,true,
778,1617203067322,1617203067544,2,12.69,false,
782,1617203067669,1617203067944,2,11.66,false,
786,1617203068016,1617203068203,2,10.08,false,
790,1617203068363,1617203068518,2,8.85,false,
794,1617203068710,1617203068863,2,7.28,false,
798,1617203069057,1617203069140,2,5.84,false,
195,1617203016660,1617203016887,3,12.61,false,
802,1617203069404,1617203070737,2,6.8,false,
806,1617203069751,1617203069987,2,5.5,false,
199,1617203017007,1617203017214,3,10.81,false,
203,1617203017354,1617203017438,3,9.64,false,
810,1617203070098,1617203070194,2,7.27,false,
814,1617203070445,1617203070719,2,9.09,false,
207,1617203017701,1617203017897,3,11.44,false,
818,1617203070792,1617203071051,2,10.74,false,
211,1617203018048,1617203018299,3,9.94,false,
215,1617203018395,1617203018566,3,11.83,false,
822,1617203071139,1617203071330,2,9.16,false,
826,1617203071486,1617203071826,2,11.02,false,
219,1617203018742,1617203018973,3,10.11,false,
830,1617203071833,1617203071898,2,9.18,false,
223,1617203019089,1617203019319,3,11.61,false,
227,1617203019436,1617203019491,3,10.32,false,
834,1617203072180,1617203072444,2,10.3,false,
231,1617203019783,1617203019864,3,9.3,false,
838,1617203072527,1617203072840,2,9.08,false,
235,1617203020130,1617203020211,3,10.88,false,
842,1617203072874,1617203073063,2,10.36,false,
239,1617203020477,1617203020571,3,12.33,false,
846,1617203073221,1617203073560,2,11.77,false,
243,1617203020824,1617203021155,3,13.64,false,
850,1617203073568,1617203073898,2,10.57,false,
247,1617203021171,1617203021468,3,15.42,true,
854,1617203073915,1617203074096,2,12.17,false,
251,1617203021518,1617203021731,3,14.44,true,
858,1617203074262,1617203074568,2,10.62,false,
255,1617203021865,1617203022126,3,13.16,false,
259,1617203022212,1617203022540,3,14.07,true,
862,1617203074609,1617203074954,2,8.75,false,
263,1617203022559,1617203022663,3,15.02,true,
866,1617203074956,1617203075093,2,7.82,false,
267,1617203022906,1617203022972,3,13.96,true,
870,1617203075303,1617203076141,2,6.24,false,
271,1617203023253,1617203023320,3,12.48,false,
874,1617203075650,1617203075854,2,4.54,false,
275,1617203023600,1617203023853,3,13.53,false,
279,1617203023947,1617203024185,3,14.89,true,
283,1617203024294,1617203024506,3,16.55,true,
287,1617203024641,1617203024918,3,15.01,true,
291,1617203024988,1617203025216,3,13.12,false,
841,1617203072874,1617203074285,1,13.55,false,
845,1617203073221,1617203074665,1,15.18,true,
295,1617203025335,1617203025631,3,14.84,true,
849,1617203073568,1617203073730,1,14.08,true,
299,1617203025682,1617203025945,3,15.89,true,
853,1617203073915,1617203074177,1,12.9,false,
303,1617203026029,1617203026155,3,14.41,true,
307,1617203026376,1617203026717,3,12.64,false,
311,1617203026723,1617203026984,3,14.26,true,
878,1617203075997,1617203076113,2,6.43,false,
315,1617203027070,1617203027403,3,15.77,true,
857,1617203074262,1617203075932,1,14.76,true,
861,1617203074609,1617203075140,1,15.86,true,
865,1617203074956,1617203075083,1,13.96,true,
869,1617203075303,1617203076724,1,13.04,false,
873,1617203075650,1617203077009,1,14.61,true,
877,1617203075997,1617203077260,1,16.3,true,
881,1617203076344,1617203076514,1,15.27,true,
885,1617203076691,1617203077726,1,13.4,false,
889,1617203077038,1617203077200,1,12.15,false,
893,1617203077385,1617203078540,1,13.05,false,
897,1617203077732,1617203078067,1,11.83,false,
901,1617203078079,1617203080267,1,12.99,false,
905,1617203078426,1617203079709,1,14.33,true,
909,1617203078773,1617203079954,1,12.79,false,
913,1617203079120,1617203079424,1,14.67,true,
917,1617203079467,1617203081025,1,16.3,true,
921,1617203079814,1617203081655,1,14.9,true,
925,1617203080161,1617203081324,1,13.53,false,
929,1617203080508,1617203080719,1,14.99,true,
319,1617203027417,1617203027745,3,14.6,true,
933,1617203080855,1617203082436,1,16.26,true,
882,1617203076344,1617203077263,2,7.9,false,
886,1617203076691,1617203077333,2,9.62,false,
937,1617203081202,1617203081511,1,14.59,true,
890,1617203077038,1617203077094,2,8.46,false,
323,1617203027764,1617203027902,3,12.89,false,
941,1617203081549,1617203081775,1,13.02,false,
894,1617203077385,1617203077562,2,9.87,false,
327,1617203028111,1617203028386,3,14.3,true,
898,1617203077732,1617203077792,2,11.43,false,
331,1617203028458,1617203028534,3,12.68,false,
902,1617203078079,1617203078168,2,10.02,false,
335,1617203028805,1617203028950,3,11.11,false,
945,1617203081896,1617203083138,1,14.41,true,
949,1617203082243,1617203083748,1,13.31,false,
339,1617203029152,1617203029378,3,9.46,false,
906,1617203078426,1617203080027,2,11.91,false,
953,1617203082590,1617203082791,1,12.16,false,
343,1617203029499,1617203029814,3,7.99,false,
910,1617203078773,1617203079111,2,13.71,false,
347,1617203029846,1617203030143,3,7.02,false,
957,1617203082937,1617203083031,1,13.22,false,
914,1617203079120,1617203079236,2,15.48,true,
351,1617203030193,1617203030304,3,8.77,false,
918,1617203079467,1617203079643,2,13.68,false,
961,1617203083284,1617203083623,1,11.53,false,
355,1617203030540,1617203030603,3,10.52,false,
922,1617203079814,1617203080042,2,14.78,true,
965,1617203083631,1617203083811,1,10.12,false,
926,1617203080161,1617203080214,2,16.32,true,
359,1617203030887,1617203030982,3,11.48,false,
363,1617203031234,1617203031837,3,12.8,false,
930,1617203080508,1617203081262,2,14.46,true,
367,1617203031581,1617203032503,3,13.99,true,
934,1617203080855,1617203081151,2,13.11,false,
371,1617203031928,1617203032869,3,15.66,true,
969,1617203083978,1617203085663,1,11.11,false,
973,1617203084325,1617203085089,1,9.3,false,
938,1617203081202,1617203081446,2,11.56,false,
375,1617203032275,1617203032364,3,14.61,true,
977,1617203084672,1617203084945,1,11.09,false,
379,1617203032622,1617203032963,3,13.43,false,
942,1617203081549,1617203081642,2,9.99,false,
981,1617203085019,1617203085320,1,10.12,false,
946,1617203081896,1617203082156,2,11.73,false,
383,1617203032969,1617203033270,3,14.57,true,
387,1617203033316,1617203034074,3,15.99,true,
950,1617203082243,1617203082331,2,10.36,false,
954,1617203082590,1617203082754,2,11.99,false,
391,1617203033663,1617203034264,3,14.37,true,
958,1617203082937,1617203083116,2,10.54,false,
395,1617203034010,1617203034291,3,13.05,false,
985,1617203085366,1617203086790,1,11.61,false,
989,1617203085713,1617203087238,1,10.23,false,
993,1617203086060,1617203086612,1,8.57,false,
399,1617203034357,1617203034591,3,14.24,true,
962,1617203083284,1617203083630,2,8.96,false,
997,1617203086407,1617203086505,1,10.02,false,
403,1617203034704,1617203035363,3,15.15,true,
966,1617203083631,1617203084660,2,10.31,false,
407,1617203035051,1617203035283,3,13.31,false,
970,1617203083978,1617203084063,2,12.15,false,
411,1617203035398,1617203036210,3,15.16,true,
974,1617203084325,1617203084610,2,13.76,false,
415,1617203035745,1617203036594,3,13.88,true,
978,1617203084672,1617203084887,2,12.66,false,
1001,1617203086754,1617203088479,1,8.59,false,
1005,1617203087101,1617203089024,1,9.77,false,
1009,1617203087448,1617203088802,1,8.41,false,
419,1617203036092,1617203036493,3,12.24,false,
982,1617203085019,1617203085083,2,14.43,true,
1013,1617203087795,1617203088133,1,6.81,false,
423,1617203036439,1617203037192,3,13.65,false,
427,1617203036786,1617203037538,3,14.56,true,
986,1617203085366,1617203085711,2,15.39,true,
1017,1617203088142,1617203088225,1,7.72,false,
990,1617203085713,1617203085998,2,13.78,false,
431,1617203037133,1617203037659,3,13.31,false,
994,1617203086060,1617203086341,2,11.95,false,
435,1617203037480,1617203038087,3,14.6,true,
1021,1617203088489,1617203088745,1,8.76,false,
439,1617203037827,1617203038680,3,13.37,false,
443,1617203038174,1617203038776,3,12.3,false,
998,1617203086407,1617203087566,2,10.11,false,
1002,1617203086754,1617203086949,2,11.94,false,
447,1617203038521,1617203039377,3,10.99,false,
451,1617203038868,1617203039342,3,9.2,false,
1025,1617203088836,1617203090635,1,10.48,false,
1029,1617203089183,1617203090590,1,11.51,false,
1033,1617203089530,1617203090891,1,10.38,false,
455,1617203039215,1617203039650,3,7.87,false,
1037,1617203089877,1617203090002,1,11.9,false,
1006,1617203087101,1617203088007,2,12.96,false,
459,1617203039562,1617203040023,3,6.74,false,
1010,1617203087448,1617203087498,2,14.59,true,
463,1617203039909,1617203040395,3,8.58,false,
1014,1617203087795,1617203087936,2,13.22,false,
1041,1617203090224,1617203091163,1,13.19,false,
467,1617203040256,1617203040637,3,9.66,false,
1018,1617203088142,1617203088322,2,15.08,true,
1045,1617203090571,1617203090773,1,11.89,false,
471,1617203040603,1617203041194,3,10.86,false,
1022,1617203088489,1617203088769,2,14.07,true,
475,1617203040950,1617203041816,3,12.33,false,
1026,1617203088836,1617203089392,2,13.1,false,
479,1617203041297,1617203041666,3,14.07,true,
1049,1617203090918,1617203092056,1,12.83,false,
1053,1617203091265,1617203092273,1,11.54,false,
1030,1617203089183,1617203089294,2,14.4,true,
483,1617203041644,1617203042056,3,12.78,false,
1057,1617203091612,1617203091864,1,13.27,false,
1034,1617203089530,1617203089604,2,13.42,false,
487,1617203041991,1617203042722,3,13.92,true,
1038,1617203089877,1617203090031,2,15.22,true,
491,1617203042338,1617203043160,3,15.35,true,
495,1617203042685,1617203043596,3,14.29,true,
1061,1617203091959,1617203092817,1,11.47,false,
1065,1617203092306,1617203093063,1,13.12,false,
499,1617203043032,1617203043485,3,12.67,false,
1042,1617203090224,1617203091844,2,13.9,true,
1046,1617203090571,1617203091209,2,12.56,false,
1069,1617203092653,1617203092744,1,15.01,true,
1050,1617203090918,1617203091096,2,13.6,false,
503,1617203043379,1617203044344,3,13.76,false,
1073,1617203093000,1617203093121,1,13.67,false,
507,1617203043726,1617203044276,3,12.82,false,
1054,1617203091265,1617203091952,2,14.63,true,
1058,1617203091612,1617203091804,2,13.62,false,
511,1617203044073,1617203044772,3,11.88,false,
515,1617203044420,1617203045103,3,13.62,false,
1062,1617203091959,1617203092173,2,15.18,true,
1077,1617203093347,1617203095079,1,12.6,false,
1081,1617203093694,1617203094650,1,10.94,false,
1085,1617203094041,1617203094989,1,9.65,false,
1066,1617203092306,1617203092549,2,13.68,false,
519,1617203044767,1617203045134,3,11.72,false,
1089,1617203094388,1617203094471,1,8.17,false,
523,1617203045114,1617203045759,3,9.85,false,
1070,1617203092653,1617203092910,2,12.34,false,
527,1617203045461,1617203046187,3,8.11,false,
1093,1617203094735,1617203095551,1,6.94,false,
1074,1617203093000,1617203093718,2,13.61,false,
531,1617203045808,1617203046366,3,9.84,false,
1097,1617203095082,1617203095288,1,5.4,false,
1078,1617203093347,1617203093465,2,12.59,false,
535,1617203046155,1617203047108,3,10.86,false,
1082,1617203093694,1617203093819,2,14.1,true,
539,1617203046502,1617203047221,3,12.06,false,
1101,1617203095429,1617203095596,1,7.17,false,
1086,1617203094041,1617203094260,2,15.13,true,
543,1617203046849,1617203047218,3,13.61,false,
1105,1617203095776,1617203095975,1,5.8,false,
547,1617203047196,1617203047901,3,15.3,true,
1090,1617203094388,1617203095447,2,13.51,false,
551,1617203047543,1617203048028,3,14.09,true,
1094,1617203094735,1617203094906,2,12.22,false,
1109,1617203096123,1617203097118,1,4.49,false,
555,1617203047890,1617203048256,3,12.57,false,
1113,1617203096470,1617203096672,1,3.37,false,
1098,1617203095082,1617203095175,2,10.45,false,
559,1617203048237,1617203049046,3,13.7,false,
1102,1617203095429,1617203095571,2,12.03,false,
563,1617203048584,1617203049447,3,14.61,true,
1106,1617203095776,1617203095963,2,11.08,false,
567,1617203048931,1617203049358,3,15.63,true,
571,1617203049278,1617203049692,3,13.74,false,
575,1617203049625,1617203050280,3,15.11,true,
1110,1617203096123,1617203097535,2,12.57,false,
1114,1617203096470,1617203097829,2,11.08,false,
1117,1617203096817,1617203099137,1,4.39,false,
1121,1617203097164,1617203098997,1,2.65,false,
1125,1617203097511,1617203098584,1,4.38,false,
1129,1617203097858,1617203098658,1,3.18,false,
1118,1617203096817,1617203097056,2,10.15,false,
579,1617203049972,1617203050749,3,13.78,false,
1133,1617203098205,1617203098319,1,5.05,false,
583,1617203050319,1617203050942,3,12.47,false,
1122,1617203097164,1617203098222,2,11.4,false,
1137,1617203098552,1617203098646,1,5.98,false,
587,1617203050666,1617203051156,3,11.14,false,
1126,1617203097511,1617203097765,2,12.9,false,
1141,1617203098899,1617203099178,1,4.89,false,
1130,1617203097858,1617203097976,2,11.73,false,
591,1617203051013,1617203051515,3,12.63,false,
1145,1617203099246,1617203099591,1,6.63,false,
1134,1617203098205,1617203098317,2,12.9,false,
595,1617203051360,1617203052096,3,14.07,true,
1149,1617203099593,1617203099783,1,5.24,false,
1138,1617203098552,1617203098880,2,11.52,false,
599,1617203051707,1617203052420,3,12.38,false,
1142,1617203098899,1617203098977,2,10.18,false,
603,1617203052054,1617203052686,3,11.11,false,
607,1617203052401,1617203053090,3,12.06,false,
1146,1617203099246,1617203099527,2,11.76,false,
611,1617203052748,1617203053532,3,10.3,false,
1150,1617203099593,1617203099812,2,10.26,false,
615,1617203053095,1617203053573,3,12.11,false,
619,1617203053442,1617203054313,3,11.01,false,
4,1617203000004,1617203000275,4,4.0,false,
623,1617203053789,1617203054432,3,11.99,false,
8,1617203000351,1617203000413,4,5.7,false,
627,1617203054136,1617203054544,3,13.66,false,
12,1617203000698,1617203000816,4,4.3,false,
631,1617203054483,1617203055361,3,14.71,true,
16,1617203001045,1617203001212,4,3.09,false,
635,1617203054830,1617203055599,3,16.49,true,
639,1617203055177,1617203055965,3,15.4,true,
20,1617203001392,1617203001479,4,4.77,false,
643,1617203055524,1617203056032,3,13.63,false,
24,1617203001739,1617203001875,4,3.78,false,
647,1617203055871,1617203056843,3,11.87,false,
651,1617203056218,1617203056771,3,12.92,false,
28,1617203002086,1617203002162,4,5.53,false,
655,1617203056565,1617203057429,3,14.72,true,
32,1617203002433,1617203002703,4,6.88,false,
659,1617203056912,1617203057704,3,15.69,true,
663,1617203057259,1617203057845,3,14.76,true,
36,1617203002780,1617203002976,4,5.11,false,
667,1617203057606,1617203058160,3,13.08,false,
40,1617203003127,1617203003231,4,6.73,false,
671,1617203057953,1617203058605,3,14.14,true,
44,1617203003474,1617203003752,4,7.98,false,
675,1617203058300,1617203058888,3,15.15,true,
48,1617203003821,1617203003996,4,6.45,false,
679,1617203058647,1617203059098,3,14.23,true,
683,1617203058994,1617203059646,3,13.26,false,
52,1617203004168,1617203004466,4,7.48,false,
687,1617203059341,1617203060187,3,14.69,true,
56,1617203004515,1617203004731,4,8.65,false,
691,1617203059688,1617203060321,3,16.38,true,
695,1617203060035,1617203060699,3,14.53,true,
60,1617203004862,1617203005171,4,7.46,false,
699,1617203060382,1617203061309,3,13.36,false,
64,1617203005209,1617203005336,4,9.05,false,
703,1617203060729,1617203061378,3,14.97,true,
68,1617203005556,1617203005718,4,10.03,false,
707,1617203061076,1617203061142,3,13.4,false,
72,1617203005903,1617203006237,4,9.1,false,
711,1617203061423,1617203062004,3,14.81,true,
76,1617203006250,1617203006569,4,7.88,false,
715,1617203061770,1617203061864,3,16.23,true,
719,1617203062117,1617203062463,3,14.82,true,
80,1617203006597,1617203006806,4,9.07,false,
723,1617203062464,1617203063000,3,13.87,true,
84,1617203006944,1617203007247,4,7.45,false,
727,1617203062811,1617203063399,3,12.94,false,
88,1617203007291,1617203007341,4,5.7,false,
731,1617203063158,1617203063301,3,14.11,true,
735,1617203063505,1617203063588,3,15.95,true,
92,1617203007638,1617203007851,4,7.56,false,
739,1617203063852,1617203063914,3,14.68,true,
96,1617203007985,1617203008106,4,8.76,false,
743,1617203064199,1617203064657,3,12.8,false,
100,1617203008332,1617203008414,4,7.79,false,
747,1617203064546,1617203065046,3,13.99,true,
751,1617203064893,1617203065534,3,12.69,false,
104,1617203008679,1617203008847,4,6.69,false,
755,1617203065240,1617203065456,3,14.4,true,
108,1617203009026,1617203009113,4,8.3,false,
759,1617203065587,1617203065818,3,12.77,false,
112,1617203009373,1617203009703,4,9.66,false,
763,1617203065934,1617203066179,3,14.26,true,
767,1617203066281,1617203066592,3,15.78,true,
116,1617203009720,1617203009808,4,10.77,false,
771,1617203066628,1617203066946,3,14.23,true,
775,1617203066975,1617203067287,3,12.9,false,
120,1617203010067,1617203010336,4,9.77,false,
779,1617203067322,1617203067466,3,13.95,true,
124,1617203010414,1617203010554,4,11.18,false,
783,1617203067669,1617203067720,3,12.96,false,
787,1617203068016,1617203068270,3,14.3,true,
128,1617203010761,1617203010878,4,12.35,false,
791,1617203068363,1617203068491,3,12.88,false,
132,1617203011108,1617203011349,4,13.47,false,
795,1617203068710,1617203068872,3,14.32,true,
799,1617203069057,1617203069382,3,15.34,true,
136,1617203011455,1617203011577,4,14.4,true,
803,1617203069404,1617203069534,3,13.7,false,
807,1617203069751,1617203070081,3,15.06,true,
140,1617203011802,1617203012108,4,16.17,true,
811,1617203070098,1617203070216,3,13.99,true,
144,1617203012149,1617203012262,4,15.26,true,
815,1617203070445,1617203070687,3,13.0,false,
148,1617203012496,1617203012568,4,13.89,true,
819,1617203070792,1617203070936,3,14.04,true,
152,1617203012843,1617203013155,4,12.04,false,
823,1617203071139,1617203071216,3,12.23,false,
827,1617203071486,1617203071790,3,13.33,false,
156,1617203013190,1617203013339,4,13.89,true,
831,1617203071833,1617203072096,3,14.28,true,
160,1617203013537,1617203013618,4,15.22,true,
835,1617203072180,1617203072336,3,12.4,false,
839,1617203072527,1617203072817,3,13.61,false,
164,1617203013884,1617203013984,4,13.85,true,
843,1617203072874,1617203073191,3,15.01,true,
168,1617203014231,1617203014492,4,12.22,false,
847,1617203073221,1617203073280,3,13.26,false,
851,1617203073568,1617203073876,3,14.62,true,
172,1617203014578,1617203014915,4,14.09,true,
855,1617203073915,1617203074251,3,13.33,false,
176,1617203014925,1617203015170,4,13.08,false,
859,1617203074262,1617203074454,3,11.91,false,
180,1617203015272,1617203015496,4,11.32,false,
863,1617203074609,1617203074886,3,13.69,false,
867,1617203074956,1617203075139,3,12.48,false,
184,1617203015619,1617203015716,4,13.16,false,
871,1617203075303,1617203075407,3,13.86,true,
188,1617203015966,1617203016095,4,14.57,true,
875,1617203075650,1617203075706,3,12.32,false,
192,1617203016313,1617203016457,4,13.48,false,
879,1617203075997,1617203076295,3,14.1,true,
883,1617203076344,1617203076540,3,15.29,true,
196,1617203016660,1617203016857,4,15.33,true,
887,1617203076691,1617203076876,3,13.69,false,
891,1617203077038,1617203077322,3,15.2,true,
200,1617203017007,1617203017200,4,14.05,true,
895,1617203077385,1617203077436,3,13.4,false,
204,1617203017354,1617203017454,4,12.4,false,
899,1617203077732,1617203077980,3,12.07,false,
208,1617203017701,1617203017916,4,10.61,false,
903,1617203078079,1617203078134,3,10.26,false,
212,1617203018048,1617203018270,4,12.15,false,
907,1617203078426,1617203078699,3,8.61,false,
911,1617203078773,1617203079079,3,9.59,false,
216,1617203018395,1617203018463,4,14.01,true,
915,1617203079120,1617203079466,3,10.7,false,
220,1617203018742,1617203019082,4,12.48,false,
919,1617203079467,1617203079705,3,11.66,false,
923,1617203079814,1617203079878,3,13.52,false,
224,1617203019089,1617203019348,4,14.31,true,
927,1617203080161,1617203080275,3,14.96,true,
931,1617203080508,1617203080576,3,15.96,true,
228,1617203019436,1617203019774,4,15.68,true,
935,1617203080855,1617203081078,3,14.58,true,
232,1617203019783,1617203020039,4,14.19,true,
939,1617203081202,1617203081343,3,13.2,false,
943,1617203081549,1617203081848,3,14.88,true,
236,1617203020130,1617203020317,4,12.39,false,
947,1617203081896,1617203082122,3,15.86,true,
240,1617203020477,1617203020781,4,11.3,false,
951,1617203082243,1617203082572,3,14.89,true,
955,1617203082590,1617203082927,3,13.79,false,
244,1617203020824,1617203020926,4,12.49,false,
959,1617203082937,1617203083028,3,12.56,false,
248,1617203021171,1617203021479,4,10.98,false,
963,1617203083284,1617203083498,3,11.53,false,
967,1617203083631,1617203083715,3,13.37,false,
252,1617203021518,1617203021668,4,9.83,false,
971,1617203083978,1617203084277,3,12.41,false,
256,1617203021865,1617203022000,4,8.71,false,
975,1617203084325,1617203084650,3,13.45,false,
979,1617203084672,1617203084899,3,12.31,false,
260,1617203022212,1617203022301,4,10.55,false,
983,1617203085019,1617203085202,3,13.89,true,
264,1617203022559,1617203022807,4,9.26,false,
987,1617203085366,1617203085443,3,12.08,false,
268,1617203022906,1617203023119,4,10.33,false,
991,1617203085713,1617203085781,3,13.24,false,
995,1617203086060,1617203086139,3,11.59,false,
272,1617203023253,1617203023584,4,11.78,false,
999,1617203086407,1617203086523,3,13.04,false,
276,1617203023600,1617203023909,4,12.74,false,
1003,1617203086754,1617203086896,3,11.75,false,
1007,1617203087101,1617203087171,3,12.85,false,
280,1617203023947,1617203024136,4,14.41,true,
1011,1617203087448,1617203087791,3,13.82,true,
284,1617203024294,1617203024480,4,15.58,true,
1015,1617203087795,1617203087952,3,15.26,true,
1019,1617203088142,1617203088219,3,14.01,true,
1023,1617203088489,1617203088610,3,12.75,false,
288,1617203024641,1617203075534,4,13.72,false,
1027,1617203088836,1617203089029,3,11.54,false,
1031,1617203089183,1617203089465,3,13.02,false,
1035,1617203089530,1617203089788,3,14.67,true,
292,1617203024988,1617203074705,4,15.59,true,
1039,1617203089877,1617203090133,3,13.21,false,
1043,1617203090224,1617203090389,3,14.94,true,
296,1617203025335,1617203075403,4,14.45,true,
1047,1617203090571,1617203090865,3,13.18,false,
300,1617203025682,1617203075317,4,12.59,false,
1051,1617203090918,1617203091017,3,14.53,true,
304,1617203026029,1617203075411,4,14.19,true,
1055,1617203091265,1617203091607,3,15.95,true,
1059,1617203091612,1617203091707,3,14.41,true,
308,1617203026376,1617203074888,4,15.25,true,
1063,1617203091959,1617203092145,3,13.18,false,
1067,1617203092306,1617203092356,3,14.91,true,
312,1617203026723,1617203074711,4,13.95,true,
1071,1617203092653,1617203092703,3,16.13,true,
316,1617203027070,1617203074867,4,12.44,false,
1075,1617203093000,1617203093154,3,15.21,true,
1079,1617203093347,1617203093463,3,14.05,true,
320,1617203027417,1617203074954,4,11.39,false,
1083,1617203093694,1617203093875,3,12.75,false,
1087,1617203094041,1617203094220,3,13.73,false,
324,1617203027764,1617203075303,4,12.51,false,
1091,1617203094388,1617203094506,3,12.58,false,
328,1617203028111,1617203075551,4,14.4,true,
1095,1617203094735,1617203095006,3,14.33,true,
1099,1617203095082,1617203095138,3,15.53,true,
332,1617203028458,1617203075143,4,13.09,false,
1103,1617203095429,1617203095682,3,13.7,false,
1107,1617203095776,1617203095983,3,14.98,true,
336,1617203028805,1617203075438,4,14.19,true,
1111,1617203096123,1617203096356,3,13.51,false,
1115,1617203096470,1617203096816,3,12.32,false,
1119,1617203096817,1617203096985,3,13.83,true,
340,1617203029152,1617203074706,4,16.02,true,
1123,1617203097164,1617203097424,3,15.57,true,
344,1617203029499,1617203075157,4,14.52,true,
1127,1617203097511,1617203097570,3,14.63,true,
1131,1617203097858,1617203098189,3,13.43,false,
348,1617203029846,1617203075291,4,12.66,false,
1135,1617203098205,1617203098460,3,14.78,true,
1139,1617203098552,1617203098745,3,12.9,false,
352,1617203030193,1617203074953,4,14.33,true,
1143,1617203098899,1617203099067,3,13.99,true,
356,1617203030540,1617203075260,4,12.47,false,
1147,1617203099246,1617203099301,3,15.47,true,
1151,1617203099593,1617203099896,3,14.35,true,
360,1617203030887,1617203075198,4,11.04,false,
364,1617203031234,1617203075359,4,11.94,false,
368,1617203031581,1617203075524,4,13.23,false,
372,1617203031928,1617203075614,4,14.68,true,
376,1617203032275,1617203075155,4,16.18,true,
380,1617203032622,1617203075159,4,15.2,true,
384,1617203032969,1617203075315,4,13.69,false,
388,1617203033316,1617203074978,4,15.29,true,
392,1617203033663,1617203075385,4,14.16,true,
396,1617203034010,1617203075275,4,13.2,false,
400,1617203034357,1617203075085,4,11.73,false,
404,1617203034704,1617203075307,4,10.65,false,
408,1617203035051,1617203075556,4,11.99,false,
412,1617203035398,1617203075325,4,13.34,false,
416,1617203035745,1617203075484,4,14.84,true,
420,1617203036092,1617203075127,4,16.08,true,
424,1617203036439,1617203075467,4,14.87,true,
428,1617203036786,1617203075339,4,13.2,false,
432,1617203037133,1617203075316,4,11.69,false,
436,1617203037480,1617203075267,4,13.21,false,
440,1617203037827,1617203074914,4,11.39,false,
444,1617203038174,1617203075448,4,13.11,false,
448,1617203038521,1617203075094,4,14.14,true,
452,1617203038868,1617203075219,4,15.15,true,
456,1617203039215,1617203074715,4,13.34,false,
460,1617203039562,1617203074745,4,11.88,false,
464,1617203039909,1617203074711,4,10.17,false,
468,1617203040256,1617203075050,4,8.92,false,
472,1617203040603,1617203075007,4,7.3,false,
476,1617203040950,1617203074780,4,5.63,false,
480,1617203041297,1617203075012,4,7.08,false,
484,1617203041644,1617203074724,4,6.14,false,
488,1617203041991,1617203075075,4,5.11,false,
492,1617203042338,1617203074910,4,6.08,false,
496,1617203042685,1617203075568,4,7.75,false,
500,1617203043032,1617203075465,4,9.22,false,
504,1617203043379,1617203075468,4,10.32,false,
508,1617203043726,1617203075063,4,11.61,false,
512,1617203044073,1617203075308,4,10.0,false,
516,1617203044420,1617203075492,4,11.23,false,
520,1617203044767,1617203075075,4,12.67,false,
524,1617203045114,1617203075530,4,13.61,false,
528,1617203045461,1617203075558,4,15.31,true,
532,1617203045808,1617203075101,4,13.45,false,
536,1617203046155,1617203074714,4,15.01,true,
540,1617203046502,1617203074799,4,13.37,false,
544,1617203046849,1617203075528,4,12.09,false,
548,1617203047196,1617203074987,4,11.09,false,
552,1617203047543,1617203075155,4,12.02,false,
556,1617203047890,1617203075392,4,10.34,false,
560,1617203048237,1617203074741,4,11.59,false,
564,1617203048584,1617203074982,4,9.87,false,
568,1617203048931,1617203074706,4,11.59,false,
572,1617203049278,1617203075256,4,10.68,false,
576,1617203049625,1617203074711,4,12.43,false,
580,1617203049972,1617203074905,4,14.06,true,
584,1617203050319,1617203074840,4,15.75,true,
588,1617203050666,1617203075342,4,14.38,true,
592,1617203051013,1617203075445,4,12.57,false,
596,1617203051360,1617203075399,4,11.18,false,
600,1617203051707,1617203075345,4,13.04,false,
604,1617203052054,1617203075412,4,14.75,true,
608,1617203052401,1617203075508,4,13.14,false,
612,1617203052748,1617203075476,4,14.79,true,
616,1617203053095,1617203075440,4,16.59,true,
620,1617203053442,1617203075496,4,15.07,true,
624,1617203053789,1617203074901,4,13.52,false,
628,1617203054136,1617203075113,4,14.58,true,
632,1617203054483,1617203075084,4,15.53,true,
636,1617203054830,1617203074839,4,14.17,true,
640,1617203055177,1617203074818,4,12.69,false,
644,1617203055524,1617203074998,4,14.17,true,
648,1617203055871,1617203075370,4,16.03,true,
652,1617203056218,1617203074750,4,14.58,true,
656,1617203056565,1617203074753,4,12.86,false,
660,1617203056912,1617203075008,4,14.21,true,
664,1617203057259,1617203075130,4,15.85,true,
668,1617203057606,1617203075144,4,14.18,true,
672,1617203057953,1617203075386,4,12.49,false,
676,1617203058300,1617203074962,4,13.82,true,
680,1617203058647,1617203075017,4,14.73,true,
684,1617203058994,1617203075317,4,12.84,false,
688,1617203059341,1617203075421,4,14.25,true,
692,1617203059688,1617203075589,4,12.9,false,
696,1617203060035,1617203075608,4,14.1,true,
700,1617203060382,1617203075385,4,15.16,true,
704,1617203060729,1617203075321,4,13.56,false,
708,1617203061076,1617203074711,4,15.05,true,
712,1617203061423,1617203074985,4,13.58,false,
716,1617203061770,1617203074886,4,14.65,true,
720,1617203062117,1617203075281,4,15.95,true,
724,1617203062464,1617203075477,4,14.07,true,
728,1617203062811,1617203075395,4,12.4,false,
732,1617203063158,1617203074732,4,13.3,false,
736,1617203063505,1617203075061,4,14.73,true,
740,1617203063852,1617203074942,4,13.38,false,
744,1617203064199,1617203074954,4,14.66,true,
748,1617203064546,1617203075513,4,12.91,false,
752,1617203064893,1617203075475,4,14.38,true,
756,1617203065240,1617203075561,4,13.0,false,
760,1617203065587,1617203075551,4,14.66,true,
764,1617203065934,1617203075484,4,15.73,true,
768,1617203066281,1617203074955,4,13.91,true,
772,1617203066628,1617203075395,4,12.79,false,
776,1617203066975,1617203075024,4,14.41,true,
780,1617203067322,1617203074727,4,15.53,true,
784,1617203067669,1617203074703,4,14.08,true,
788,1617203068016,1617203075161,4,12.68,false,
792,1617203068363,1617203075409,4,11.77,false,
796,1617203068710,1617203075207,4,13.38,false,
800,1617203069057,1617203074757,4,14.37,true,
804,1617203069404,1617203075387,4,13.24,false,
808,1617203069751,1617203075195,4,14.83,true,
812,1617203070098,1617203074885,4,16.48,true,
816,1617203070445,1617203075614,4,15.43,true,
820,1617203070792,1617203075478,4,13.66,false,
824,1617203071139,1617203075575,4,14.76,true,
828,1617203071486,1617203074853,4,13.08,false,
832,1617203071833,1617203075487,4,14.16,true,
836,1617203072180,1617203075036,4,15.19,true,
840,1617203072527,1617203075337,4,14.14,true,
844,1617203072874,1617203074883,4,13.01,false,
848,1617203073221,1617203075603,4,11.43,false,
852,1617203073568,1617203075309,4,12.37,false,
856,1617203073915,1617203075510,4,13.27,false,
860,1617203074262,1617203074553,4,12.09,false,
864,1617203074609,1617203074786,4,13.3,false,
868,1617203074956,1617203075167,4,14.69,true,
872,1617203075303,1617203075599,4,16.07,true,
876,1617203075650,1617203075853,4,14.59,true,
880,1617203075997,1617203076204,4,12.97,false,
884,1617203076344,1617203076421,4,14.03,true,
888,1617203076691,1617203076799,4,15.18,true,
892,1617203077038,1617203077155,4,14.19,true,
896,1617203077385,1617203077667,4,12.48,false,
900,1617203077732,1617203077976,4,11.06,false,
904,1617203078079,1617203078350,4,12.83,false,
908,1617203078426,1617203078707,4,14.2,true,
912,1617203078773,1617203079025,4,15.51,true,
916,1617203079120,1617203079351,4,13.91,true,
920,1617203079467,1617203079639,4,12.47,false,
924,1617203079814,1617203080007,4,11.1,false,
928,1617203080161,1617203080281,4,12.81,false,
932,1617203080508,1617203080673,4,14.65,true,
936,1617203080855,1617203081012,4,13.71,false,
940,1617203081202,1617203081345,4,15.03,true,
944,1617203081549,1617203081783,4,13.96,true,
948,1617203081896,1617203082077,4,12.15,false,
952,1617203082243,1617203082375,4,13.93,true,
956,1617203082590,1617203082825,4,12.78,false,
960,1617203082937,1617203083123,4,11.09,false,
964,1617203083284,1617203083429,4,12.43,false,
968,1617203083631,1617203083748,4,13.91,true,
972,1617203083978,1617203084286,4,14.91,true,
976,1617203084325,1617203084467,4,13.11,false,
980,1617203084672,1617203084742,4,14.49,true,
984,1617203085019,1617203085186,4,15.5,true,
988,1617203085366,1617203085662,4,13.67,false,
992,1617203085713,1617203085823,4,14.6,true,
996,1617203086060,1617203086157,4,16.34,true,
1000,1617203086407,1617203086459,4,15.02,true,
1004,1617203086754,1617203087101,4,13.99,true,
1008,1617203087101,1617203087174,4,12.61,false,
1012,1617203087448,1617203087500,4,14.42,true,
1016,1617203087795,1617203087879,4,13.25,false,
1020,1617203088142,1617203088342,4,14.74,true,
1024,1617203088489,1617203088771,4,16.58,true,
1028,1617203088836,1617203089130,4,15.56,true,
1032,1617203089183,1617203089244,4,13.83,true,
1036,1617203089530,1617203089839,4,12.48,false,
1040,1617203089877,1617203089994,4,13.45,false,
1044,1617203090224,1617203090569,4,11.99,false,
1048,1617203090571,1617203090856,4,10.29,false,
1052,1617203090918,1617203091039,4,8.93,false,
1056,1617203091265,1617203091434,4,10.63,false,
1060,1617203091612,1617203091855,4,11.64,false,
1064,1617203091959,1617203092063,4,12.75,false,
1068,1617203092306,1617203092463,4,14.63,true,
1072,1617203092653,1617203092711,4,13.53,false,
1076,1617203093000,1617203093099,4,12.1,false,
1080,1617203093347,1617203093664,4,10.31,false,
1084,1617203093694,1617203093925,4,11.58,false,
1088,1617203094041,1617203094374,4,10.4,false,
1092,1617203094388,1617203094582,4,9.29,false,
1096,1617203094735,1617203094959,4,7.75,false,
1100,1617203095082,1617203095332,4,9.08,false,
1104,1617203095429,1617203095683,4,10.86,false,
1108,1617203095776,1617203096122,4,9.15,false,
1112,1617203096123,1617203096352,4,10.84,false,
1116,1617203096470,1617203096587,4,12.29,false,
1120,1617203096817,1617203097127,4,14.05,true,
1124,1617203097164,1617203097346,4,12.7,false,
1128,1617203097511,1617203097583,4,11.29,false,
1132,1617203097858,1617203098186,4,12.29,false,
1136,1617203098205,1617203098299,4,13.6,false,
1140,1617203098552,1617203098880,4,14.64,true,
1144,1617203098899,1617203099173,4,15.64,true,
1148,1617203099246,1617203099457,4,14.22,true,
1152,1617203099593,1617203099699,4,13.26,false,
